{"train_loss": [0.018382438957835635, 0.007755883224585561, 0.00632657659768868, 0.005604287407890918, 0.0050857223754363235, 0.004707583457783871, 0.0044049444183217185, 0.00418612942984938, 0.0038819783041996103, 0.0037122933486169137], "val_loss": [0.008621648177027439, 0.00681399641303435, 0.006287757202003046, 0.0051755501973693675, 0.004750570786947651, 0.004668415305649376, 0.0044970339638676065, 0.004136639787339103, 0.0037624057256004707, 0.003815801486920972], "train_dice": [0.7215791062721754, 0.8321358489449849, 0.8609266521259185, 0.8727515067236189, 0.8853074207458073, 0.8938192311778244, 0.8990366556520896, 0.9053951077283228, 0.9090078058427463, 0.9133650997997343], "val_dice": [0.8118844172252215, 0.8439723959386242, 0.8567648676104941, 0.8795698518543297, 0.888848038035466, 0.8853656465015228, 0.8917527623889496, 0.9033236173630043, 0.909292522017038, 0.9071127822666133], "train_iou": [0.6081815488924789, 0.7356659420809291, 0.77457358176886, 0.792009056563095, 0.8090104443135183, 0.8211221822249023, 0.8290668922607632, 0.838059171228648, 0.8450478642549754, 0.8508848448140107], "val_iou": [0.7082871397489386, 0.7526221587722814, 0.7716079476037956, 0.8018904851394727, 0.8155612728995443, 0.8108388121475216, 0.8207902317997438, 0.8372787139122433, 0.8462785854837946, 0.8437239474280125], "train_f1": [0.7123990870423529, 0.8225360494654126, 0.8493723220371256, 0.8625793032180764, 0.8752048287245295, 0.8833110314268016, 0.886659091717753, 0.8932103759809692, 0.8950895708429145, 0.900848886817342], "val_f1": [0.8057140033011154, 0.8329633169109999, 0.8453920851851981, 0.868219027601346, 0.8777857808990072, 0.8748001457094385, 0.8843801742196031, 0.8918664580625779, 0.8976282155503863, 0.8966936757683035]}